match_id,match_date,kick_off,home_score,away_score,match_status,match_status_360,last_updated,last_updated_360,match_week,competition_id,competition_country_name,competition_name,competition,season_id,season,home_team_id,home_team,home_team_gender,home_team_group,home_team_country_id,home_team_country_name,away_team_id,away_team,away_team_gender,away_team_group,away_team_country_id,away_team_country_name,competition_stage_id,competition_stage,stadium_id,stadium,stadium_country_id,stadium_country_name,referee_id,referee,referee_country_id,referee_country_name,home_managers,away_managers,home_manager_id,home_manager_name,home_manager_nickname,home_manager_dob,home_manager_country_id,home_manager_country_name,away_manager_id,away_manager_name,away_manager_nickname,away_manager_dob,away_manager_country_id,away_manager_country_name,data_version,shot_fidelity_version,xy_fidelity_version
3857276,2022-12-01,15:00:00.000,1,2,available,available,2026-05-04T01:46:04.664252,2026-05-04T01:50:33.318123,3,43,International,FIFA World Cup,International - FIFA World Cup,106,2022,1833,Canada,male,F,40,Canada,788,Morocco,male,,154,Morocco,10,Group Stage,1000838,Al Thumama Stadium,185,Qatar,2638.0,Raphael Claus,31.0,Brazil,John Herdman,Walid Regragui,4435,John Herdman,,1975-07-19,68,England,1000518.0,Walid Regragui,,1975-09-23,154.0,Morocco,1.1.0,2,2
3857271,2022-11-21,13:00:00.000,6,2,available,available,2026-05-04T01:40:47.671394,2026-05-04T01:43:30.216315,1,43,International,FIFA World Cup,International - FIFA World Cup,106,2022,768,England,male,B,68,England,797,Iran,male,B,107,"Iran, Islamic Republic of",10,Group Stage,1000253,Sheikh Khalifa International Stadium,185,Qatar,2638.0,Raphael Claus,31.0,Brazil,Gareth Southgate,Carlos Manuel Brito Leal Queiróz,277,Gareth Southgate,,1970-09-03,68,England,645.0,Carlos Manuel Brito Leal Queiróz,Carlos Queiroz,1953-03-01,183.0,Portugal,1.1.0,2,2
3857296,2022-12-01,15:00:00.000,0,0,available,available,2026-05-04T01:44:02.255386,2026-05-04T01:50:06.343225,3,43,International,FIFA World Cup,International - FIFA World Cup,106,2022,785,Croatia,male,F,56,Croatia,782,Belgium,male,F,22,Belgium,10,Group Stage,1000793,Ahmad bin Ali Stadium,185,Qatar,8.0,Anthony Taylor,68.0,England,Zlatko Dalić,Roberto Martínez Montoliú,307,Zlatko Dalić,,1966-10-26,56,Croatia,263.0,Roberto Martínez Montoliú,Roberto Martínez,1973-07-13,214.0,Spain,1.1.0,2,2
3857274,2022-11-25,16:00:00.000,1,1,available,available,2026-05-04T01:43:00.444702,2026-05-04T01:50:07.646458,2,43,International,FIFA World Cup,International - FIFA World Cup,106,2022,941,Netherlands,male,A,160,Netherlands,3565,Ecuador,male,A,65,Ecuador,10,Group Stage,1000253,Sheikh Khalifa International Stadium,185,Qatar,2311.0,Mustapha Ghorbal,4.0,Algeria,Louis van Gaal,Gustavo Julio Alfaro,788,Louis van Gaal,,1951-08-08,160,Netherlands,2881.0,Gustavo Julio Alfaro,Gustavo Alfaro,1962-08-14,11.0,Argentina,1.1.0,2,2
3857255,2022-12-01,19:00:00.000,2,1,available,available,2026-05-04T01:42:55.630428,2026-05-04T01:49:36.594944,3,43,International,FIFA World Cup,International - FIFA World Cup,106,2022,778,Japan,male,E,114,Japan,772,Spain,male,E,214,Spain,10,Group Stage,1000253,Sheikh Khalifa International Stadium,185,Qatar,2366.0,Victor Miguel de Freitas Gomes,211.0,South Africa,Hajime Moriyasu,Luis Enrique Martínez García,5699,Hajime Moriyasu,,1968-08-23,114,Japan,793.0,Luis Enrique Martínez García,Luis Enrique,1970-05-08,214.0,Spain,1.1.0,2,2
3857272,2022-11-25,19:00:00.000,0,0,available,available,2026-05-04T01:42:01.934187,2026-05-04T01:45:01.745587,2,43,International,FIFA World Cup,International - FIFA World Cup,106,2022,768,England,male,B,68,England,1839,United States,male,B,241,United States of America,10,Group Stage,1001113,Al Bayt Stadium,185,Qatar,1847.0,Jesús Valenzuela Sáez,246.0,Venezuela (Bolivarian Republic),Gareth Southgate,Gregg Berhalter,277,Gareth Southgate,,1970-09-03,68,England,93.0,Gregg Berhalter,,1973-08-01,241.0,United States of America,1.1.0,2,2
3857278,2022-11-29,19:00:00.000,0,1,available,available,2026-05-04T01:40:40.663357,2026-05-04T01:44:19.687513,3,43,International,FIFA World Cup,International - FIFA World Cup,106,2022,797,Iran,male,B,107,"Iran, Islamic Republic of",1839,United States,male,B,241,United States of America,10,Group Stage,1000838,Al Thumama Stadium,185,Qatar,180.0,Antonio Miguel Mateu Lahoz,214.0,Spain,Carlos Manuel Brito Leal Queiróz,Gregg Berhalter,645,Carlos Manuel Brito Leal Queiróz,Carlos Queiroz,1953-03-01,183,Portugal,93.0,Gregg Berhalter,,1973-08-01,241.0,United States of America,1.1.0,2,2
3857277,2022-11-23,10:00:00.000,0,0,available,available,2026-05-04T01:40:05.637036,2026-05-04T01:46:30.388595,1,43,International,FIFA World Cup,International - FIFA World Cup,106,2022,788,Morocco,male,,154,Morocco,785,Croatia,male,F,56,Croatia,10,Group Stage,1001113,Al Bayt Stadium,185,Qatar,1121.0,Fernando Andrés Rapallini,11.0,Argentina,Walid Regragui,Zlatko Dalić,1000518,Walid Regragui,,1975-09-23,154,Morocco,307.0,Zlatko Dalić,,1966-10-26,56.0,Croatia,1.1.0,2,2
3857273,2022-11-25,10:00:00.000,0,2,available,available,2026-05-03T16:13:23.239106,2026-05-03T16:15:22.543697,2,43,International,FIFA World Cup,International - FIFA World Cup,106,2022,907,Wales,male,B,249,Wales,797,Iran,male,B,107,"Iran, Islamic Republic of",10,Group Stage,1000793,Ahmad bin Ali Stadium,185,Qatar,1835.0,Mario Alberto Escobar Toca,93.0,Guatemala,Robert Page,Carlos Manuel Brito Leal Queiróz,1000471,Robert Page,,1974-09-03,249,Wales,645.0,Carlos Manuel Brito Leal Queiróz,Carlos Queiroz,1953-03-01,183.0,Portugal,1.1.0,2,2
3857275,2022-11-30,15:00:00.000,1,0,available,available,2026-05-03T16:12:47.832747,2026-05-03T16:15:48.111812,3,43,International,FIFA World Cup,International - FIFA World Cup,106,2022,777,Tunisia,male,D,232,Tunisia,771,France,male,D,78,France,10,Group Stage,94425,Education City Stadium ,185,Qatar,739.0,Matthew Conger,163.0,New Zealand,Jalel Kadri,Didier Deschamps,1001303,Jalel Kadri,,,232,Tunisia,545.0,Didier Deschamps,,1968-10-15,78.0,France,1.1.0,2,2
3857261,2022-11-29,19:00:00.000,0,3,available,available,2026-05-03T16:09:55.338260,2026-05-03T16:11:27.929788,3,43,International,FIFA World Cup,International - FIFA World Cup,106,2022,907,Wales,male,B,249,Wales,768,England,male,B,68,England,10,Group Stage,1000793,Ahmad bin Ali Stadium,185,Qatar,943.0,Slavko Vinčić,208.0,Slovenia,Robert Page,Gareth Southgate,1000471,Robert Page,,1974-09-03,249,Wales,277.0,Gareth Southgate,,1970-09-03,68.0,England,1.1.0,2,2
3857290,2022-11-24,10:00:00.000,1,0,available,available,2026-05-03T16:09:36.189321,2026-05-03T16:11:26.531423,1,43,International,FIFA World Cup,International - FIFA World Cup,106,2022,773,Switzerland,male,G,221,Switzerland,2722,Cameroon,male,G,39,Cameroon,10,Group Stage,117897,Al Janoub Stadium   ,185,Qatar,1094.0,Facundo Tello Figueroa,11.0,Argentina,Murat Yakin,Rigobert Song Bahanag,2832,Murat Yakin,,1974-09-15,221,Switzerland,1001250.0,Rigobert Song Bahanag,,1976-07-01,39.0,Cameroon,1.1.0,2,2
3857298,2022-11-24,16:00:00.000,3,2,available,available,2026-05-03T16:11:32.370436,2026-05-03T16:15:48.066604,1,43,International,FIFA World Cup,International - FIFA World Cup,106,2022,780,Portugal,male,H,183,Portugal,4885,Ghana,male,H,86,Ghana,10,Group Stage,1001115,Stadium 974,185,Qatar,438.0,Ismail Elfath,241.0,United States of America,Fernando Manuel Fernandes da Costa Santos,Otto Addo,607,Fernando Manuel Fernandes da Costa Santos,Fernando Santos,1954-10-10,183,Portugal,1001251.0,Otto Addo,,1975-06-09,86.0,Ghana,1.1.0,2,2
3857285,2022-11-21,16:00:00.000,0,2,available,available,2026-05-03T16:07:28.656580,2026-05-03T16:13:03.612730,1,43,International,FIFA World Cup,International - FIFA World Cup,106,2022,787,Senegal,male,A,202,Senegal,941,Netherlands,male,A,160,Netherlands,10,Group Stage,1000838,Al Thumama Stadium,185,Qatar,986.0,Wilton Pereira Sampaio,31.0,Brazil,Aliou Cissé,Louis van Gaal,635,Aliou Cissé,,1976-03-24,202,Senegal,788.0,Louis van Gaal,,1951-08-08,160.0,Netherlands,1.1.0,2,2
3857282,2022-11-21,19:00:00.000,1,1,available,available,2026-05-03T16:06:35.237994,2026-05-03T16:07:47.017684,1,43,International,FIFA World Cup,International - FIFA World Cup,106,2022,1839,United States,male,B,241,United States of America,907,Wales,male,B,249,Wales,10,Group Stage,1000793,Ahmad bin Ali Stadium,185,Qatar,2521.0,Abdulrahman Ibrahim Al Jassim,185.0,Qatar,Gregg Berhalter,Robert Page,93,Gregg Berhalter,,1973-08-01,241,United States of America,1000471.0,Robert Page,,1974-09-03,249.0,Wales,1.1.0,2,2
3857297,2022-11-26,13:00:00.000,2,0,available,available,2026-05-03T16:05:12.945735,2026-05-03T16:08:16.963904,2,43,International,FIFA World Cup,International - FIFA World Cup,106,2022,789,Poland,male,C,182,Poland,799,Saudi Arabia,male,C,200,Saudi Arabia,10,Group Stage,94425,Education City Stadium ,185,Qatar,986.0,Wilton Pereira Sampaio,31.0,Brazil,Czesław Michniewicz,Hervé Renard,5294,Czesław Michniewicz,,1970-02-12,182,Poland,642.0,Hervé Renard,,1968-09-30,78.0,France,1.1.0,2,2
3857294,2022-11-29,15:00:00.000,2,0,available,available,2026-05-04T01:48:11.663054,2026-05-04T01:51:22.255434,3,43,International,FIFA World Cup,International - FIFA World Cup,106,2022,941,Netherlands,male,A,160,Netherlands,3566,Qatar,male,A,185,Qatar,10,Group Stage,1001113,Al Bayt Stadium,185,Qatar,736.0,Bakary Papa Gassama,83.0,Gambia,Louis van Gaal,Félix Sánchez Bas,788,Louis van Gaal,,1951-08-08,160,Netherlands,5710.0,Félix Sánchez Bas,Félix Sánchez,1975-12-13,214.0,Spain,1.1.0,2,2
3857266,2022-11-26,16:00:00.000,2,1,available,available,2026-05-04T01:44:03.946401,2026-05-04T01:49:40.866423,2,43,International,FIFA World Cup,International - FIFA World Cup,106,2022,771,France,male,D,78,France,776,Denmark,male,D,61,Denmark,10,Group Stage,1001115,Stadium 974,185,Qatar,367.0,Szymon Marciniak,182.0,Poland,Didier Deschamps,Kasper Hjulmand,545,Didier Deschamps,,1968-10-15,78,France,255.0,Kasper Hjulmand,,1972-04-09,61.0,Denmark,1.1.0,2,2
3857284,2022-11-23,13:00:00.000,1,2,available,available,2026-05-04T01:41:05.435,2026-05-04T01:45:45.818418,1,43,International,FIFA World Cup,International - FIFA World Cup,106,2022,770,Germany,male,E,85,Germany,778,Japan,male,E,114,Japan,10,Group Stage,1000253,Sheikh Khalifa International Stadium,185,Qatar,1834.0,Ivan Arcides Barton Cisneros,67.0,El Salvador,Hans-Dieter Flick,Hajime Moriyasu,3371,Hans-Dieter Flick,,1965-02-24,85,Germany,5699.0,Hajime Moriyasu,,1968-08-23,114.0,Japan,1.1.0,2,2
3857254,2022-11-22,13:00:00.000,0,0,available,available,2026-05-04T01:41:55.231447,2026-05-04T01:42:32.134965,1,43,International,FIFA World Cup,International - FIFA World Cup,106,2022,776,Denmark,male,D,61,Denmark,777,Tunisia,male,D,232,Tunisia,10,Group Stage,94425,Education City Stadium ,185,Qatar,740.0,César Arturo Ramos Palazuelos,147.0,Mexico,Kasper Hjulmand,Jalel Kadri,255,Kasper Hjulmand,,1972-04-09,61,Denmark,1001303.0,Jalel Kadri,,,232.0,Tunisia,1.1.0,2,2
3857265,2022-11-22,16:00:00.000,0,0,available,available,2026-05-04T01:43:48.794701,2026-05-04T01:51:23.890963,1,43,International,FIFA World Cup,International - FIFA World Cup,106,2022,794,Mexico,male,C,147,Mexico,789,Poland,male,C,182,Poland,10,Group Stage,1001115,Stadium 974,185,Qatar,1701.0,Chris Beath,14.0,Australia,Gerardo Daniel Martino,Czesław Michniewicz,163,Gerardo Daniel Martino,Gerardo Martino,1962-11-20,11,Argentina,5294.0,Czesław Michniewicz,,1970-02-12,182.0,Poland,1.1.0,2,2
3857301,2022-11-25,13:00:00.000,1,3,available,available,2026-05-03T16:12:29.804835,2026-05-03T16:14:47.871576,2,43,International,FIFA World Cup,International - FIFA World Cup,106,2022,3566,Qatar,male,A,185,Qatar,787,Senegal,male,A,202,Senegal,10,Group Stage,1000838,Al Thumama Stadium,185,Qatar,180.0,Antonio Miguel Mateu Lahoz,214.0,Spain,Félix Sánchez Bas,Aliou Cissé,5710,Félix Sánchez Bas,Félix Sánchez,1975-12-13,214,Spain,635.0,Aliou Cissé,,1976-03-24,202.0,Senegal,1.1.0,2,2
3857268,2022-11-23,19:00:00.000,1,0,available,available,2026-05-03T15:36:23.883803,2026-05-03T15:37:35.137739,1,43,International,FIFA World Cup,International - FIFA World Cup,106,2022,782,Belgium,male,F,22,Belgium,1833,Canada,male,F,40,Canada,10,Group Stage,1000793,Ahmad bin Ali Stadium,185,Qatar,743.0,Janny Sikazwe,253.0,Zambia,Roberto Martínez Montoliú,John Herdman,263,Roberto Martínez Montoliú,Roberto Martínez,1973-07-13,214,Spain,4435.0,John Herdman,,1975-07-19,68.0,England,1.1.0,2,2
3857269,2022-11-28,16:00:00.000,1,0,available,available,2026-05-03T15:39:50.454624,2026-05-03T15:42:08.277224,2,43,International,FIFA World Cup,International - FIFA World Cup,106,2022,781,Brazil,male,G,31,Brazil,773,Switzerland,male,G,221,Switzerland,10,Group Stage,1001115,Stadium 974,185,Qatar,1834.0,Ivan Arcides Barton Cisneros,67.0,El Salvador,Adenor Leonardo Bacchi,Murat Yakin,547,Adenor Leonardo Bacchi,Tite,1961-05-25,31,Brazil,2832.0,Murat Yakin,,1974-09-15,221.0,Switzerland,1.1.0,2,2
3869321,2022-12-09,19:00:00.000,2,2,available,available,2025-09-04T17:24:28.888436,2025-09-07T08:42:38.594465,5,43,International,FIFA World Cup,International - FIFA World Cup,106,2022,941,Netherlands,male,,160,Netherlands,779,Argentina,male,,11,Argentina,11,Quarter-finals,1001114,Lusail Stadium,185,Qatar,180.0,Antonio Miguel Mateu Lahoz,214.0,Spain,Louis van Gaal,Lionel Sebastián Scaloni,788,Louis van Gaal,,1951-08-08,160,Netherlands,5677.0,Lionel Sebastián Scaloni,,1978-05-16,11.0,Argentina,1.1.0,2,2
3857292,2022-12-01,19:00:00.000,2,4,available,available,2026-05-04T01:45:05.896715,2026-05-04T01:50:55.648198,3,43,International,FIFA World Cup,International - FIFA World Cup,106,2022,795,Costa Rica,male,E,54,Costa Rica,770,Germany,male,E,85,Germany,10,Group Stage,1001113,Al Bayt Stadium,185,Qatar,128.0,Stéphanie Frappart,78.0,France,Luis Fernando Suárez Guzman,Hans-Dieter Flick,3094,Luis Fernando Suárez Guzman,Luis Fernando Suárez,1959-12-23,49,Colombia,3371.0,Hans-Dieter Flick,,1965-02-24,85.0,Germany,1.1.0,2,2
3857295,2022-11-27,10:00:00.000,0,1,available,available,2026-05-04T01:46:01.531091,2026-05-04T01:48:37.076540,2,43,International,FIFA World Cup,International - FIFA World Cup,106,2022,778,Japan,male,E,114,Japan,795,Costa Rica,male,E,54,Costa Rica,10,Group Stage,1000793,Ahmad bin Ali Stadium,185,Qatar,1.0,Michael Oliver,68.0,England,Hajime Moriyasu,Luis Fernando Suárez Guzman,5699,Hajime Moriyasu,,1968-08-23,114,Japan,3094.0,Luis Fernando Suárez Guzman,Luis Fernando Suárez,1959-12-23,49.0,Colombia,1.1.0,2,2
3869685,2022-12-18,17:00:00.000,3,3,available,available,2024-12-16T10:15:11.055845,2024-12-16T10:21:13.710934,7,43,International,FIFA World Cup,International - FIFA World Cup,106,2022,779,Argentina,male,,11,Argentina,771,France,male,,78,France,26,Final,1001114,Lusail Stadium,185,Qatar,367.0,Szymon Marciniak,182.0,Poland,Lionel Sebastián Scaloni,Didier Deschamps,5677,Lionel Sebastián Scaloni,,1978-05-16,11,Argentina,545.0,Didier Deschamps,,1968-10-15,78.0,France,1.1.0,2,2
3869684,2022-12-17,17:00:00.000,2,1,available,available,2024-02-13T13:43:25.154307,2024-02-13T13:44:03.865296,7,43,International,FIFA World Cup,International - FIFA World Cup,106,2022,785,Croatia,male,,56,Croatia,788,Morocco,male,,154,Morocco,25,3rd Place Final,1000253,Sheikh Khalifa International Stadium,185,Qatar,2521.0,Abdulrahman Ibrahim Al Jassim,185.0,Qatar,Zlatko Dalić,Walid Regragui,307,Zlatko Dalić,,1966-10-26,56,Croatia,1000518.0,Walid Regragui,,1975-09-23,154.0,Morocco,1.1.0,2,2
3857256,2022-12-02,19:00:00.000,2,3,available,available,2026-05-03T16:13:42.681786,2026-05-03T16:15:23.898987,3,43,International,FIFA World Cup,International - FIFA World Cup,106,2022,786,Serbia,male,G,203,Serbia,773,Switzerland,male,G,221,Switzerland,10,Group Stage,1001115,Stadium 974,185,Qatar,1121.0,Fernando Andrés Rapallini,11.0,Argentina,Dragan Stojković,Murat Yakin,5908,Dragan Stojković,,1965-03-03,203,Serbia,2832.0,Murat Yakin,,1974-09-15,221.0,Switzerland,1.1.0,2,2
3869151,2022-12-03,21:00:00.000,2,1,available,available,2023-10-15T16:39:52.237396,2023-10-15T17:09:05.163199,4,43,International,FIFA World Cup,International - FIFA World Cup,106,2022,779,Argentina,male,,11,Argentina,792,Australia,male,,14,Australia,33,Round of 16,1000793,Ahmad bin Ali Stadium,185,Qatar,367.0,Szymon Marciniak,182.0,Poland,Lionel Sebastián Scaloni,Graham James Arnold,5677,Lionel Sebastián Scaloni,,1978-05-16,11,Argentina,5696.0,Graham James Arnold,,1963-08-03,14.0,Australia,1.1.0,2,2
3857257,2022-11-30,15:00:00.000,1,0,available,available,2026-05-04T01:41:43.045239,2026-05-04T01:43:36.058958,3,43,International,FIFA World Cup,International - FIFA World Cup,106,2022,792,Australia,male,D,14,Australia,776,Denmark,male,D,61,Denmark,10,Group Stage,117897,Al Janoub Stadium   ,185,Qatar,2311.0,Mustapha Ghorbal,4.0,Algeria,Graham James Arnold,Kasper Hjulmand,5696,Graham James Arnold,,1963-08-03,14,Australia,255.0,Kasper Hjulmand,,1972-04-09,61.0,Denmark,1.1.0,2,2
3857258,2022-11-24,19:00:00.000,2,0,available,available,2026-05-03T15:37:32.723849,2026-05-03T15:40:04.875373,1,43,International,FIFA World Cup,International - FIFA World Cup,106,2022,781,Brazil,male,G,31,Brazil,786,Serbia,male,G,203,Serbia,10,Group Stage,1001114,Lusail Stadium,185,Qatar,741.0,Alireza Faghani,14.0,Australia,Adenor Leonardo Bacchi,Dragan Stojković,547,Adenor Leonardo Bacchi,Tite,1961-05-25,31,Brazil,5908.0,Dragan Stojković,,1965-03-03,203.0,Serbia,1.1.0,2,2
3857288,2022-11-26,10:00:00.000,0,1,available,available,2026-05-03T16:06:07.859490,2026-05-03T16:07:08.163738,2,43,International,FIFA World Cup,International - FIFA World Cup,106,2022,777,Tunisia,male,D,232,Tunisia,792,Australia,male,D,14,Australia,10,Group Stage,117897,Al Janoub Stadium   ,185,Qatar,225.0,Daniel Siebert,85.0,Germany,Jalel Kadri,Graham James Arnold,1001303,Jalel Kadri,,,232,Tunisia,5696.0,Graham James Arnold,,1963-08-03,14.0,Australia,1.1.0,2,2
3857267,2022-11-29,15:00:00.000,1,2,available,available,2026-05-04T01:48:57.914346,2026-05-04T01:53:40.309717,3,43,International,FIFA World Cup,International - FIFA World Cup,106,2022,3565,Ecuador,male,A,65,Ecuador,787,Senegal,male,A,202,Senegal,10,Group Stage,1000253,Sheikh Khalifa International Stadium,185,Qatar,76.0,Clément Turpin,78.0,France,Gustavo Julio Alfaro,Aliou Cissé,2881,Gustavo Julio Alfaro,Gustavo Alfaro,1962-08-14,11,Argentina,635.0,Aliou Cissé,,1976-03-24,202.0,Senegal,1.1.0,2,2
3857287,2022-11-24,13:00:00.000,0,0,available,available,2026-05-03T16:10:31.253448,2026-05-03T16:16:14.386741,1,43,International,FIFA World Cup,International - FIFA World Cup,106,2022,783,Uruguay,male,H,242,Uruguay,791,South Korea,male,H,121,Korea (South),10,Group Stage,94425,Education City Stadium ,185,Qatar,76.0,Clément Turpin,78.0,France,Diego Martín Alonso López,Paulo Jorge Gomes Bento,3633,Diego Martín Alonso López,Diego Alonso,1975-04-16,242,Uruguay,5688.0,Paulo Jorge Gomes Bento,Paulo Bento,1969-06-20,183.0,Portugal,1.1.0,2,2
3869486,2022-12-10,17:00:00.000,1,0,available,available,2024-02-06T16:35:57.395966,2024-02-06T16:39:05.200810,5,43,International,FIFA World Cup,International - FIFA World Cup,106,2022,788,Morocco,male,,154,Morocco,780,Portugal,male,,183,Portugal,11,Quarter-finals,1000838,Al Thumama Stadium,185,Qatar,1094.0,Facundo Tello Figueroa,11.0,Argentina,Hoalid Regragui,Fernando Manuel Fernandes da Costa Santos,1001086,Hoalid Regragui,,1975-09-23,154,Morocco,607.0,Fernando Manuel Fernandes da Costa Santos,Fernando Santos,1954-10-10,183.0,Portugal,1.1.0,2,2
3857260,2022-11-30,19:00:00.000,1,2,available,available,2026-05-03T16:10:45.589086,2026-05-03T16:16:42.459756,3,43,International,FIFA World Cup,International - FIFA World Cup,106,2022,799,Saudi Arabia,male,C,200,Saudi Arabia,794,Mexico,male,C,147,Mexico,10,Group Stage,1001114,Lusail Stadium,185,Qatar,1.0,Michael Oliver,68.0,England,Hervé Renard,Gerardo Daniel Martino,642,Hervé Renard,,1968-09-30,78,France,163.0,Gerardo Daniel Martino,Gerardo Martino,1962-11-20,11.0,Argentina,1.1.0,2,2
3857264,2022-11-30,19:00:00.000,0,2,available,available,2026-05-03T16:11:49.934680,2026-05-03T16:16:14.789834,3,43,International,FIFA World Cup,International - FIFA World Cup,106,2022,789,Poland,male,C,182,Poland,779,Argentina,male,C,11,Argentina,10,Group Stage,1001115,Stadium 974,185,Qatar,293.0,Danny Desmond Makkelie,160.0,Netherlands,Czesław Michniewicz,Lionel Sebastián Scaloni,5294,Czesław Michniewicz,,1970-02-12,182,Poland,5677.0,Lionel Sebastián Scaloni,,1978-05-16,11.0,Argentina,1.1.0,2,2
3857289,2022-11-26,19:00:00.000,2,0,available,available,2026-05-04T01:44:58.471722,2026-05-04T01:49:14.941205,2,43,International,FIFA World Cup,International - FIFA World Cup,106,2022,779,Argentina,male,C,11,Argentina,794,Mexico,male,C,147,Mexico,10,Group Stage,1001114,Lusail Stadium,185,Qatar,269.0,Daniele Orsato,112.0,Italy,Lionel Sebastián Scaloni,Gerardo Daniel Martino,5677,Lionel Sebastián Scaloni,,1978-05-16,11,Argentina,163.0,Gerardo Daniel Martino,Gerardo Martino,1962-11-20,11.0,Argentina,1.1.0,2,2
3869254,2022-12-06,21:00:00.000,6,1,available,available,2023-10-31T08:50:23.629502,2023-10-31T08:52:42.971689,4,43,International,FIFA World Cup,International - FIFA World Cup,106,2022,780,Portugal,male,,183,Portugal,773,Switzerland,male,,221,Switzerland,33,Round of 16,1001114,Lusail Stadium,185,Qatar,740.0,César Arturo Ramos Palazuelos,147.0,Mexico,Fernando Manuel Fernandes da Costa Santos,Murat Yakin,607,Fernando Manuel Fernandes da Costa Santos,Fernando Santos,1954-10-10,183,Portugal,2832.0,Murat Yakin,,1974-09-15,221.0,Switzerland,1.1.0,2,2
3869118,2022-12-04,21:00:00.000,3,0,available,available,2023-07-15T22:01:09.812380,2023-07-15T22:01:52.119586,4,43,International,FIFA World Cup,International - FIFA World Cup,106,2022,768,England,male,,68,England,787,Senegal,male,,202,Senegal,33,Round of 16,1001113,Al Bayt Stadium,185,Qatar,1834.0,Ivan Arcides Barton Cisneros,67.0,El Salvador,Gareth Southgate,Aliou Cissé,277,Gareth Southgate,,1970-09-03,68,England,635.0,Aliou Cissé,,1976-03-24,202.0,Senegal,1.1.0,2,2
3869519,2022-12-13,21:00:00.000,3,0,available,available,2023-04-19T06:53:52.197711,2023-04-26T22:32:37.808359,6,43,International,FIFA World Cup,International - FIFA World Cup,106,2022,779,Argentina,male,,11,Argentina,785,Croatia,male,,56,Croatia,15,Semi-finals,1001114,Lusail Stadium,185,Qatar,269.0,Daniele Orsato,112.0,Italy,Lionel Sebastián Scaloni,Zlatko Dalić,5677,Lionel Sebastián Scaloni,,1978-05-16,11,Argentina,307.0,Zlatko Dalić,,1966-10-26,56.0,Croatia,1.1.0,2,2
3869354,2022-12-10,21:00:00.000,1,2,available,available,2023-03-21T07:09:52.867230,2023-04-26T22:57:33.780657,5,43,International,FIFA World Cup,International - FIFA World Cup,106,2022,768,England,male,,68,England,771,France,male,,78,France,11,Quarter-finals,1001113,Al Bayt Stadium,185,Qatar,986.0,Wilton Pereira Sampaio,31.0,Brazil,Gareth Southgate,Didier Deschamps,277,Gareth Southgate,,1970-09-03,68,England,545.0,Didier Deschamps,,1968-10-15,78.0,France,1.1.0,2,2
3869552,2022-12-14,21:00:00.000,2,0,available,available,2024-02-06T16:36:46.784457,2024-02-06T16:45:42.775801,6,43,International,FIFA World Cup,International - FIFA World Cup,106,2022,771,France,male,,78,France,788,Morocco,male,,154,Morocco,15,Semi-finals,1001113,Al Bayt Stadium,185,Qatar,740.0,César Arturo Ramos Palazuelos,147.0,Mexico,Didier Deschamps,Hoalid Regragui,545,Didier Deschamps,,1968-10-15,78,France,1001086.0,Hoalid Regragui,,1975-09-23,154.0,Morocco,1.1.0,2,2
3869420,2022-12-09,17:00:00.000,1,1,available,available,2023-04-19T06:28:33.041249,2023-04-26T23:04:13.569501,5,43,International,FIFA World Cup,International - FIFA World Cup,106,2022,785,Croatia,male,,56,Croatia,781,Brazil,male,,31,Brazil,11,Quarter-finals,94425,Education City Stadium ,185,Qatar,1.0,Michael Oliver,68.0,England,Zlatko Dalić,Telê Santana da Silva,307,Zlatko Dalić,,1966-10-26,56,Croatia,4704.0,Telê Santana da Silva,Telê Santana,1931-07-26,31.0,Brazil,1.1.0,2,2
3869220,2022-12-06,17:00:00.000,0,0,available,available,2024-02-06T16:35:08.292898,2024-02-06T16:39:39.094800,4,43,International,FIFA World Cup,International - FIFA World Cup,106,2022,788,Morocco,male,,154,Morocco,772,Spain,male,,214,Spain,33,Round of 16,94425,Education City Stadium ,185,Qatar,1121.0,Fernando Andrés Rapallini,11.0,Argentina,Hoalid Regragui,Luis Enrique Martínez García,1001086,Hoalid Regragui,,1975-09-23,154,Morocco,793.0,Luis Enrique Martínez García,Luis Enrique,1970-05-08,214.0,Spain,1.1.0,2,2
3869219,2022-12-05,17:00:00.000,1,1,available,available,2023-03-18T12:56:12.567784,2023-06-21T16:56:21.929024,4,43,International,FIFA World Cup,International - FIFA World Cup,106,2022,778,Japan,male,,114,Japan,785,Croatia,male,,56,Croatia,33,Round of 16,117897,Al Janoub Stadium   ,185,Qatar,438.0,Ismail Elfath,241.0,United States of America,Hajime Moriyasu,Zlatko Dalić,5699,Hajime Moriyasu,,1968-08-23,114,Japan,307.0,Zlatko Dalić,,1966-10-26,56.0,Croatia,1.1.0,2,2
3869253,2022-12-05,21:00:00.000,4,1,available,available,2023-06-06T07:12:35.194539,2023-06-19T13:27:43.114201,4,43,International,FIFA World Cup,International - FIFA World Cup,106,2022,781,Brazil,male,,31,Brazil,791,South Korea,male,,121,Korea (South),33,Round of 16,1001115,Stadium 974,185,Qatar,76.0,Clément Turpin,78.0,France,Adenor Leonardo Bacchi,Paulo Jorge Gomes Bento,547,Adenor Leonardo Bacchi,Tite,1961-05-25,31,Brazil,5688.0,Paulo Jorge Gomes Bento,Paulo Bento,1969-06-20,183.0,Portugal,1.1.0,2,2
3869152,2022-12-04,17:00:00.000,3,1,available,available,2023-03-29T17:33:46.676666,2023-06-18T15:31:37.811846,4,43,International,FIFA World Cup,International - FIFA World Cup,106,2022,771,France,male,,78,France,789,Poland,male,,182,Poland,33,Round of 16,1000838,Al Thumama Stadium,185,Qatar,1847.0,Jesús Valenzuela Sáez,246.0,Venezuela (Bolivarian Republic),Didier Deschamps,Czesław Michniewicz,545,Didier Deschamps,,1968-10-15,78,France,5294.0,Czesław Michniewicz,,1970-02-12,182.0,Poland,1.1.0,2,2
3869117,2022-12-03,17:00:00.000,3,1,available,available,2023-03-19T06:42:53.735484,2023-04-26T23:37:58.786835,4,43,International,FIFA World Cup,International - FIFA World Cup,106,2022,941,Netherlands,male,,160,Netherlands,1839,United States,male,,241,United States of America,33,Round of 16,1000253,Sheikh Khalifa International Stadium,185,Qatar,986.0,Wilton Pereira Sampaio,31.0,Brazil,Louis van Gaal,Gregg Berhalter,788,Louis van Gaal,,1951-08-08,160,Netherlands,93.0,Gregg Berhalter,,1973-08-01,241.0,United States of America,1.1.0,2,2
3857270,2022-11-28,19:00:00.000,2,0,available,available,2026-05-03T16:08:58.928274,2026-05-03T16:12:46.065558,2,43,International,FIFA World Cup,International - FIFA World Cup,106,2022,780,Portugal,male,H,183,Portugal,783,Uruguay,male,H,242,Uruguay,10,Group Stage,1001114,Lusail Stadium,185,Qatar,741.0,Alireza Faghani,14.0,Australia,Fernando Manuel Fernandes da Costa Santos,Diego Martín Alonso López,607,Fernando Manuel Fernandes da Costa Santos,Fernando Santos,1954-10-10,183,Portugal,3633.0,Diego Martín Alonso López,Diego Alonso,1975-04-16,242.0,Uruguay,1.1.0,2,2
3857263,2022-11-27,19:00:00.000,1,1,available,available,2026-05-03T16:07:06.421378,2026-05-03T16:10:26.484913,2,43,International,FIFA World Cup,International - FIFA World Cup,106,2022,772,Spain,male,E,214,Spain,770,Germany,male,E,85,Germany,10,Group Stage,1001113,Al Bayt Stadium,185,Qatar,293.0,Danny Desmond Makkelie,160.0,Netherlands,Luis Enrique Martínez García,Hans-Dieter Flick,793,Luis Enrique Martínez García,Luis Enrique,1970-05-08,214,Spain,3371.0,Hans-Dieter Flick,,1965-02-24,85.0,Germany,1.1.0,2,2
3857259,2022-11-28,10:00:00.000,3,3,available,available,2026-05-03T15:40:54.036463,2026-05-03T15:42:45.260902,2,43,International,FIFA World Cup,International - FIFA World Cup,106,2022,2722,Cameroon,male,G,39,Cameroon,786,Serbia,male,G,203,Serbia,10,Group Stage,117897,Al Janoub Stadium   ,185,Qatar,737.0,Mohamed Abdulla Hassan Mohd,239.0,United Arab Emirates,Rigobert Song Bahanag,Dragan Stojković,1001250,Rigobert Song Bahanag,,1976-07-01,39,Cameroon,5908.0,Dragan Stojković,,1965-03-03,203.0,Serbia,1.1.0,2,2
3857283,2022-11-27,13:00:00.000,0,2,available,available,2026-05-03T15:38:39.723735,2026-05-03T15:40:42.835778,2,43,International,FIFA World Cup,International - FIFA World Cup,106,2022,782,Belgium,male,F,22,Belgium,788,Morocco,male,,154,Morocco,10,Group Stage,1000838,Al Thumama Stadium,185,Qatar,740.0,César Arturo Ramos Palazuelos,147.0,Mexico,Roberto Martínez Montoliú,Walid Regragui,263,Roberto Martínez Montoliú,Roberto Martínez,1973-07-13,214,Spain,1000518.0,Walid Regragui,,1975-09-23,154.0,Morocco,1.1.0,2,2
3857286,2022-11-20,16:00:00.000,0,2,available,available,2026-05-03T16:05:33.394676,2026-05-03T16:08:18.843212,1,43,International,FIFA World Cup,International - FIFA World Cup,106,2022,3566,Qatar,male,A,185,Qatar,3565,Ecuador,male,A,65,Ecuador,10,Group Stage,1001113,Al Bayt Stadium,185,Qatar,269.0,Daniele Orsato,112.0,Italy,Félix Sánchez Bas,Gustavo Julio Alfaro,5710,Félix Sánchez Bas,Félix Sánchez,1975-12-13,214,Spain,2881.0,Gustavo Julio Alfaro,Gustavo Alfaro,1962-08-14,11.0,Argentina,1.1.0,2,2
3857300,2022-11-22,10:00:00.000,1,2,available,available,2026-05-04T01:42:53.551210,2026-05-04T01:51:00.290088,1,43,International,FIFA World Cup,International - FIFA World Cup,106,2022,779,Argentina,male,C,11,Argentina,799,Saudi Arabia,male,C,200,Saudi Arabia,10,Group Stage,1001114,Lusail Stadium,185,Qatar,943.0,Slavko Vinčić,208.0,Slovenia,Lionel Sebastián Scaloni,Hervé Renard,5677,Lionel Sebastián Scaloni,,1978-05-16,11,Argentina,642.0,Hervé Renard,,1968-09-30,78.0,France,1.1.0,2,2
3857299,2022-11-28,13:00:00.000,2,3,available,available,2026-05-03T16:08:02.234658,2026-05-03T16:12:09.602169,2,43,International,FIFA World Cup,International - FIFA World Cup,106,2022,791,South Korea,male,H,121,Korea (South),4885,Ghana,male,H,86,Ghana,10,Group Stage,94425,Education City Stadium ,185,Qatar,8.0,Anthony Taylor,68.0,England,Paulo Jorge Gomes Bento,Otto Addo,5688,Paulo Jorge Gomes Bento,Paulo Bento,1969-06-20,183,Portugal,1001251.0,Otto Addo,,1975-06-09,86.0,Ghana,1.1.0,2,2
3857293,2022-12-02,15:00:00.000,0,2,available,available,2026-05-04T01:47:06.968111,2026-05-04T01:49:10.912090,3,43,International,FIFA World Cup,International - FIFA World Cup,106,2022,4885,Ghana,male,H,86,Ghana,783,Uruguay,male,H,242,Uruguay,10,Group Stage,117897,Al Janoub Stadium   ,185,Qatar,225.0,Daniel Siebert,85.0,Germany,Otto Addo,Diego Martín Alonso López,1001251,Otto Addo,,1975-06-09,86,Ghana,3633.0,Diego Martín Alonso López,Diego Alonso,1975-04-16,242.0,Uruguay,1.1.0,2,2
3857291,2022-11-23,16:00:00.000,7,0,available,available,2026-05-03T16:08:38.580488,2026-05-03T16:12:13.412295,1,43,International,FIFA World Cup,International - FIFA World Cup,106,2022,772,Spain,male,E,214,Spain,795,Costa Rica,male,E,54,Costa Rica,10,Group Stage,1000838,Al Thumama Stadium,185,Qatar,,,,,Luis Enrique Martínez García,Luis Fernando Suárez Guzman,793,Luis Enrique Martínez García,Luis Enrique,1970-05-08,214,Spain,3094.0,Luis Fernando Suárez Guzman,Luis Fernando Suárez,1959-12-23,49.0,Colombia,1.1.0,2,2
3857281,2022-11-27,16:00:00.000,4,1,available,available,2026-05-04T01:47:00.853566,2026-05-04T01:51:52.104873,2,43,International,FIFA World Cup,International - FIFA World Cup,106,2022,785,Croatia,male,F,56,Croatia,1833,Canada,male,F,40,Canada,10,Group Stage,1000253,Sheikh Khalifa International Stadium,185,Qatar,1814.0,Andrés Matonte,242.0,Uruguay,Zlatko Dalić,John Herdman,307,Zlatko Dalić,,1966-10-26,56,Croatia,4435.0,John Herdman,,1975-07-19,68.0,England,1.1.0,2,2
3857280,2022-12-02,19:00:00.000,1,0,available,available,2026-05-03T15:41:58.839286,2026-05-03T15:44:07.018244,3,43,International,FIFA World Cup,International - FIFA World Cup,106,2022,2722,Cameroon,male,G,39,Cameroon,781,Brazil,male,G,31,Brazil,10,Group Stage,1001114,Lusail Stadium,185,Qatar,438.0,Ismail Elfath,241.0,United States of America,Rigobert Song Bahanag,Adenor Leonardo Bacchi,1001250,Rigobert Song Bahanag,,1976-07-01,39,Cameroon,547.0,Adenor Leonardo Bacchi,Tite,1961-05-25,31.0,Brazil,1.1.0,2,2
3857279,2022-11-22,19:00:00.000,4,1,available,available,2026-05-04T01:44:53.405576,2026-05-04T01:50:33.615237,1,43,International,FIFA World Cup,International - FIFA World Cup,106,2022,771,France,male,D,78,France,792,Australia,male,D,14,Australia,10,Group Stage,117897,Al Janoub Stadium   ,185,Qatar,2366.0,Victor Miguel de Freitas Gomes,211.0,South Africa,Didier Deschamps,Graham James Arnold,545,Didier Deschamps,,1968-10-15,78,France,5696.0,Graham James Arnold,,1963-08-03,14.0,Australia,1.1.0,2,2
3857262,2022-12-02,15:00:00.000,2,1,available,available,2026-05-03T16:05:21.572751,2026-05-03T16:07:48.636747,3,43,International,FIFA World Cup,International - FIFA World Cup,106,2022,791,South Korea,male,H,121,Korea (South),780,Portugal,male,H,183,Portugal,10,Group Stage,94425,Education City Stadium ,185,Qatar,1094.0,Facundo Tello Figueroa,11.0,Argentina,Paulo Jorge Gomes Bento,Fernando Manuel Fernandes da Costa Santos,5688,Paulo Jorge Gomes Bento,Paulo Bento,1969-06-20,183,Portugal,607.0,Fernando Manuel Fernandes da Costa Santos,Fernando Santos,1954-10-10,183.0,Portugal,1.1.0,2,2
8650,2018-07-06,18:00:00.000,1,2,available,scheduled,2026-05-15T15:44:36.027327,2021-06-13T16:17:31.694,5,43,International,FIFA World Cup,International - FIFA World Cup,3,2018,781,Brazil,male,,31,Brazil,782,Belgium,male,,22,Belgium,11,Quarter-finals,4258,Ak Bars Arena,188,Russia,727.0,Milorad Mažić,203.0,Serbia,Adenor Leonardo Bacchi,Roberto Martínez Montoliú,547,Adenor Leonardo Bacchi,Tite,1961-05-25,31,Brazil,263.0,Roberto Martínez Montoliú,Roberto Martínez,1973-07-13,214.0,Spain,1.0.2,,
7584,2018-07-02,18:00:00.000,3,2,available,scheduled,2026-05-15T15:42:46.319084,2021-06-13T16:17:31.694,4,43,International,FIFA World Cup,International - FIFA World Cup,3,2018,782,Belgium,male,,22,Belgium,778,Japan,male,,114,Japan,33,Round of 16,256,Rostov Arena,188,Russia,732.0,Malang Diedhiou,202.0,Senegal,Roberto Martínez Montoliú,Akira Nishino,263,Roberto Martínez Montoliú,Roberto Martínez,1973-07-13,214,Spain,644.0,Akira Nishino,,1955-04-07,114.0,Japan,1.0.2,,
7554,2018-06-24,12:00:00.000,6,1,available,scheduled,2026-05-15T15:40:36.254491,2021-06-13T16:17:31.694,2,43,International,FIFA World Cup,International - FIFA World Cup,3,2018,768,England,male,,68,England,798,Panama,male,,176,Panama,10,Group Stage,4263,Stadion Nizhny Novgorod (Nizhniy Novgorod),188,Russia,992.0,Ghead Grisha,66.0,Egypt,Gareth Southgate,Hernán Darío Gómez Jaramillo,277,Gareth Southgate,,1970-09-03,68,England,654.0,Hernán Darío Gómez Jaramillo,Hernán Darío Gómez,1956-02-03,49.0,Colombia,1.0.2,,
7539,2018-06-19,15:00:00.000,1,2,available,scheduled,2026-05-15T15:39:59.042458,2021-06-13T16:17:31.694,1,43,International,FIFA World Cup,International - FIFA World Cup,3,2018,789,Poland,male,,182,Poland,787,Senegal,male,,202,Senegal,10,Group Stage,4130,Otkritie Bank Arena,188,Russia,176.0,Nawaf Abdulla Ghayyath Shukralla,18.0,Bahrain,Adam Nawałka,Aliou Cissé,542,Adam Nawałka,,1957-10-23,182,Poland,635.0,Aliou Cissé,,1976-03-24,202.0,Senegal,1.0.2,,
7550,2018-06-22,18:00:00.000,1,2,available,scheduled,2026-05-15T15:38:23.546532,2021-06-13T16:17:31.694,2,43,International,FIFA World Cup,International - FIFA World Cup,3,2018,786,Serbia,male,,203,Serbia,773,Switzerland,male,,221,Switzerland,10,Group Stage,4260,Rostec Arena,188,Russia,186.0,Felix Brych,85.0,Germany,Mladen Krstajić,Vladimir Petković,640,Mladen Krstajić,,1974-03-04,203,Serbia,492.0,Vladimir Petković,,1963-08-15,28.0,Bosnia and Herzegovina,1.0.2,,
7538,2018-06-18,12:00:00.000,1,0,available,scheduled,2026-05-15T15:35:58.346952,2021-06-13T16:17:31.694,1,43,International,FIFA World Cup,International - FIFA World Cup,3,2018,790,Sweden,male,,220,Sweden,791,South Korea,male,F,121,Korea (South),10,Group Stage,4263,Stadion Nizhny Novgorod (Nizhniy Novgorod),188,Russia,742.0,Joel Antonio Aguilar Chicas,67.0,El Salvador,Jan Olof Andersson,Tae-Yong Shin,549,Jan Olof Andersson,,1962-09-29,220,Sweden,631.0,Tae-Yong Shin,Shin Tae-Yong,1970-10-11,121.0,Korea (South),1.0.2,,
7534,2018-06-17,15:00:00.000,0,1,available,scheduled,2026-05-15T15:35:04.184826,2021-06-13T16:17:31.694,1,43,International,FIFA World Cup,International - FIFA World Cup,3,2018,770,Germany,male,,85,Germany,794,Mexico,male,,147,Mexico,10,Group Stage,255,Stadion Luzhniki,188,Russia,741.0,Alireza Faghani,14.0,Australia,Joachim Löw,Juan Carlos Osorio Arbeláez,602,Joachim Löw,,1960-02-03,85,Germany,632.0,Juan Carlos Osorio Arbeláez,Juan Carlos Osorio,1961-06-08,49.0,Colombia,1.0.2,,
7543,2018-06-20,18:00:00.000,0,1,available,scheduled,2026-05-15T15:34:34.108660,2021-06-13T16:17:31.694,2,43,International,FIFA World Cup,International - FIFA World Cup,3,2018,797,Iran,male,,107,"Iran, Islamic Republic of",772,Spain,male,,214,Spain,10,Group Stage,4258,Ak Bars Arena,188,Russia,734.0,Andrés Cunha,242.0,Uruguay,Carlos Manuel Brito Leal Queiróz,Fernando Ruiz Hierro,645,Carlos Manuel Brito Leal Queiróz,Carlos Queiroz,1953-03-01,183,Portugal,643.0,Fernando Ruiz Hierro,Fernando Hierro,1968-03-23,214.0,Spain,1.0.2,,
7544,2018-06-20,15:00:00.000,1,0,available,scheduled,2026-05-15T15:32:42.065560,2021-06-13T16:17:31.694,2,43,International,FIFA World Cup,International - FIFA World Cup,3,2018,783,Uruguay,male,A,242,Uruguay,799,Saudi Arabia,male,,200,Saudi Arabia,10,Group Stage,256,Rostov Arena,188,Russia,76.0,Clément Turpin,78.0,France,Óscar Washington Tabárez Silva,Juan Antonio Pizzi Torroja,476,Óscar Washington Tabárez Silva,Óscar Tabárez,1947-03-03,242,Uruguay,638.0,Juan Antonio Pizzi Torroja,Pizzi,1968-06-07,214.0,Spain,1.0.2,,
7546,2018-06-21,15:00:00.000,1,0,available,scheduled,2026-05-15T15:37:28.413488,2021-06-13T16:17:31.694,2,43,International,FIFA World Cup,International - FIFA World Cup,3,2018,771,France,male,,78,France,784,Peru,male,,179,Peru,10,Group Stage,4261,Ekaterinburg Arena,188,Russia,737.0,Mohamed Abdulla Hassan Mohd,239.0,United Arab Emirates,Didier Deschamps,Ricardo Alberto Gareca Nardi,545,Didier Deschamps,,1968-10-15,78,France,629.0,Ricardo Alberto Gareca Nardi,Ricardo Gareca,1958-02-10,11.0,Argentina,1.0.2,,
7545,2018-06-21,18:00:00.000,0,3,available,scheduled,2026-05-15T15:36:23.908574,2021-06-13T16:17:31.694,2,43,International,FIFA World Cup,International - FIFA World Cup,3,2018,779,Argentina,male,,11,Argentina,785,Croatia,male,,56,Croatia,10,Group Stage,4263,Stadion Nizhny Novgorod (Nizhniy Novgorod),188,Russia,735.0,Ravshan Irmatov,244.0,Uzbekistan,Jorge Luis Sampaoli Moya,Zlatko Dalić,637,Jorge Luis Sampaoli Moya,Jorge Sampaoli,1960-03-13,11,Argentina,307.0,Zlatko Dalić,,1966-10-26,56.0,Croatia,1.0.2,,
7585,2018-07-03,18:00:00.000,1,1,available,scheduled,2023-07-24T13:06:27.791230,2021-06-13T16:17:31.694,4,43,International,FIFA World Cup,International - FIFA World Cup,3,2018,769,Colombia,male,,49,Colombia,768,England,male,,68,England,33,Round of 16,4130,Otkritie Bank Arena,188,Russia,435.0,Mark Geiger,241.0,United States of America,José Néstor Pekerman,Gareth Southgate,634,José Néstor Pekerman,José Pékerman,1949-09-03,11,Argentina,277.0,Gareth Southgate,,1970-09-03,68.0,England,1.0.2,,
7569,2018-06-28,18:00:00.000,1,2,available,scheduled,2026-05-15T15:43:24.963873,2021-06-13T16:17:31.694,3,43,International,FIFA World Cup,International - FIFA World Cup,3,2018,798,Panama,male,,176,Panama,777,Tunisia,male,,232,Tunisia,10,Group Stage,4259,Mordovia Arena,188,Russia,176.0,Nawaf Abdulla Ghayyath Shukralla,18.0,Bahrain,Hernán Darío Gómez Jaramillo,Nabil Maâloul,654,Hernán Darío Gómez Jaramillo,Hernán Darío Gómez,1956-02-03,49,Colombia,557.0,Nabil Maâloul,,1962-07-25,232.0,Tunisia,1.0.2,,
7572,2018-06-28,14:00:00.000,0,1,available,scheduled,2026-05-15T15:44:28.717189,2021-06-13T16:17:31.694,3,43,International,FIFA World Cup,International - FIFA World Cup,3,2018,778,Japan,male,,114,Japan,789,Poland,male,,182,Poland,10,Group Stage,4257,Volgograd Arena,188,Russia,743.0,Janny Sikazwe,253.0,Zambia,Akira Nishino,Adam Nawałka,644,Akira Nishino,,1955-04-07,114,Japan,542.0,Adam Nawałka,,1957-10-23,182.0,Poland,1.0.2,,
7561,2018-06-26,18:00:00.000,1,2,available,scheduled,2026-05-15T15:47:19.647048,2021-06-13T16:17:31.694,3,43,International,FIFA World Cup,International - FIFA World Cup,3,2018,793,Iceland,male,,104,Iceland,785,Croatia,male,,56,Croatia,10,Group Stage,256,Rostov Arena,188,Russia,180.0,Antonio Miguel Mateu Lahoz,214.0,Spain,Heimir Hallgrímsson,Zlatko Dalić,648,Heimir Hallgrímsson,,1967-06-10,104,Iceland,307.0,Zlatko Dalić,,1966-10-26,56.0,Croatia,1.0.2,,
7540,2018-06-19,18:00:00.000,3,1,available,scheduled,2026-05-15T15:38:56.623865,2021-06-13T16:17:31.694,2,43,International,FIFA World Cup,International - FIFA World Cup,3,2018,796,Russia,male,,188,Russia,774,Egypt,male,,66,Egypt,10,Group Stage,4726,Saint-Petersburg Stadium ( Gazprom Arena ),188,Russia,731.0,Enrique Cáceres,178.0,Paraguay,Stanislav Cherchesov,Héctor Raúl Cúper,365,Stanislav Cherchesov,,1963-09-02,188,Russia,486.0,Héctor Raúl Cúper,Héctor Cúper,1955-11-16,11.0,Argentina,1.0.2,,
7531,2018-06-16,13:00:00.000,1,1,available,scheduled,2026-05-15T15:32:53.555074,2021-06-13T16:17:31.694,1,43,International,FIFA World Cup,International - FIFA World Cup,3,2018,779,Argentina,male,,11,Argentina,793,Iceland,male,,104,Iceland,10,Group Stage,4130,Otkritie Bank Arena,188,Russia,367.0,Szymon Marciniak,182.0,Poland,Jorge Luis Sampaoli Moya,Heimir Hallgrímsson,637,Jorge Luis Sampaoli Moya,Jorge Sampaoli,1960-03-13,11,Argentina,648.0,Heimir Hallgrímsson,,1967-06-10,104.0,Iceland,1.0.2,,
7570,2018-06-28,18:00:00.000,0,1,available,scheduled,2026-05-15T15:46:19.062591,2021-06-13T16:17:31.694,3,43,International,FIFA World Cup,International - FIFA World Cup,3,2018,768,England,male,,68,England,782,Belgium,male,,22,Belgium,10,Group Stage,4260,Rostec Arena,188,Russia,420.0,Damir Skomina,208.0,Slovenia,Gareth Southgate,Roberto Martínez Montoliú,277,Gareth Southgate,,1970-09-03,68,England,263.0,Roberto Martínez Montoliú,Roberto Martínez,1973-07-13,214.0,Spain,1.0.2,,
7586,2018-07-03,14:00:00.000,1,0,available,scheduled,2026-05-15T15:43:40.477182,2021-06-13T16:17:31.694,4,43,International,FIFA World Cup,International - FIFA World Cup,3,2018,790,Sweden,male,,220,Sweden,773,Switzerland,male,,221,Switzerland,33,Round of 16,4726,Saint-Petersburg Stadium ( Gazprom Arena ),188,Russia,420.0,Damir Skomina,208.0,Slovenia,Jan Olof Andersson,Vladimir Petković,549,Jan Olof Andersson,,1962-09-29,220,Sweden,492.0,Vladimir Petković,,1963-08-15,28.0,Bosnia and Herzegovina,1.0.2,,
7557,2018-06-25,18:00:00.000,1,1,available,scheduled,2026-05-15T15:42:29.037684,2021-06-13T16:17:31.694,3,43,International,FIFA World Cup,International - FIFA World Cup,3,2018,797,Iran,male,,107,"Iran, Islamic Republic of",780,Portugal,male,,183,Portugal,10,Group Stage,4259,Mordovia Arena,188,Russia,731.0,Enrique Cáceres,178.0,Paraguay,Carlos Manuel Brito Leal Queiróz,Fernando Manuel Fernandes da Costa Santos,645,Carlos Manuel Brito Leal Queiróz,Carlos Queiroz,1953-03-01,183,Portugal,607.0,Fernando Manuel Fernandes da Costa Santos,Fernando Santos,1954-10-10,183.0,Portugal,1.0.2,,
7542,2018-06-20,12:00:00.000,1,0,available,scheduled,2026-05-15T15:33:35.387529,2021-06-13T16:17:31.694,2,43,International,FIFA World Cup,International - FIFA World Cup,3,2018,780,Portugal,male,,183,Portugal,788,Morocco,male,,154,Morocco,10,Group Stage,255,Stadion Luzhniki,188,Russia,435.0,Mark Geiger,241.0,United States of America,Fernando Manuel Fernandes da Costa Santos,Hervé Renard,607,Fernando Manuel Fernandes da Costa Santos,Fernando Santos,1954-10-10,183,Portugal,642.0,Hervé Renard,,1968-09-30,78.0,France,1.0.2,,
8656,2018-07-11,18:00:00.000,2,1,available,scheduled,2026-05-15T15:41:07.501177,2021-06-13T16:17:31.694,6,43,International,FIFA World Cup,International - FIFA World Cup,3,2018,785,Croatia,male,,56,Croatia,768,England,male,,68,England,15,Semi-finals,255,Stadion Luzhniki,188,Russia,581.0,Cüneyt Çakιr,233.0,Turkey,Zlatko Dalić,Gareth Southgate,307,Zlatko Dalić,,1966-10-26,56,Croatia,277.0,Gareth Southgate,,1970-09-03,68.0,England,1.0.2,,
7548,2018-06-22,12:00:00.000,2,0,available,scheduled,2026-05-15T09:50:48.136532,2021-06-13T16:17:31.694,2,43,International,FIFA World Cup,International - FIFA World Cup,3,2018,781,Brazil,male,E,31,Brazil,795,Costa Rica,male,,54,Costa Rica,10,Group Stage,4726,Saint-Petersburg Stadium ( Gazprom Arena ),188,Russia,287.0,Björn Kuipers,160.0,Netherlands,Adenor Leonardo Bacchi,Óscar Antonio Ramírez Hernández,547,Adenor Leonardo Bacchi,Tite,1961-05-25,31,Brazil,646.0,Óscar Antonio Ramírez Hernández,Óscar Ramírez,1964-12-08,54.0,Costa Rica,1.0.2,,
7578,2018-06-15,12:00:00.000,0,1,available,scheduled,2026-05-15T15:36:43.325339,2021-06-13T16:17:31.694,1,43,International,FIFA World Cup,International - FIFA World Cup,3,2018,774,Egypt,male,,66,Egypt,783,Uruguay,male,A,242,Uruguay,10,Group Stage,4261,Ekaterinburg Arena,188,Russia,287.0,Björn Kuipers,160.0,Netherlands,Héctor Raúl Cúper,Óscar Washington Tabárez Silva,486,Héctor Raúl Cúper,Héctor Cúper,1955-11-16,11,Argentina,476.0,Óscar Washington Tabárez Silva,Óscar Tabárez,1947-03-03,242.0,Uruguay,1.0.2,,
7553,2018-06-23,15:00:00.000,1,2,available,scheduled,2026-05-15T15:41:09.774288,2021-06-13T16:17:31.694,2,43,International,FIFA World Cup,International - FIFA World Cup,3,2018,791,South Korea,male,F,121,Korea (South),794,Mexico,male,,147,Mexico,10,Group Stage,256,Rostov Arena,188,Russia,727.0,Milorad Mažić,203.0,Serbia,Tae-Yong Shin,Juan Carlos Osorio Arbeláez,631,Tae-Yong Shin,Shin Tae-Yong,1970-10-11,121,Korea (South),632.0,Juan Carlos Osorio Arbeláez,Juan Carlos Osorio,1961-06-08,49.0,Colombia,1.0.2,,
7536,2018-06-18,15:00:00.000,3,0,available,scheduled,2026-05-15T15:36:57.376541,2021-06-13T16:17:31.694,1,43,International,FIFA World Cup,International - FIFA World Cup,3,2018,782,Belgium,male,,22,Belgium,798,Panama,male,,176,Panama,10,Group Stage,249,Olimpiyskiy Stadion Fisht,188,Russia,743.0,Janny Sikazwe,253.0,Zambia,Roberto Martínez Montoliú,Hernán Darío Gómez Jaramillo,263,Roberto Martínez Montoliú,Roberto Martínez,1973-07-13,214,Spain,654.0,Hernán Darío Gómez Jaramillo,Hernán Darío Gómez,1956-02-03,49.0,Colombia,1.0.2,,
7555,2018-06-24,18:00:00.000,0,3,available,scheduled,2026-05-15T15:39:31.053188,2021-06-13T16:17:31.694,2,43,International,FIFA World Cup,International - FIFA World Cup,3,2018,789,Poland,male,,182,Poland,769,Colombia,male,,49,Colombia,10,Group Stage,4258,Ak Bars Arena,188,Russia,740.0,César Arturo Ramos Palazuelos,147.0,Mexico,Adam Nawałka,José Néstor Pekerman,542,Adam Nawałka,,1957-10-23,182,Poland,634.0,José Néstor Pekerman,José Pékerman,1949-09-03,11.0,Argentina,1.0.2,,
7576,2018-06-15,18:00:00.000,3,3,available,scheduled,2026-05-15T15:30:55.089915,2021-06-13T16:17:31.694,1,43,International,FIFA World Cup,International - FIFA World Cup,3,2018,780,Portugal,male,,183,Portugal,772,Spain,male,,214,Spain,10,Group Stage,249,Olimpiyskiy Stadion Fisht,188,Russia,268.0,Gianluca Rocchi,112.0,Italy,Fernando Manuel Fernandes da Costa Santos,Fernando Ruiz Hierro,607,Fernando Manuel Fernandes da Costa Santos,Fernando Santos,1954-10-10,183,Portugal,643.0,Fernando Ruiz Hierro,Fernando Hierro,1968-03-23,214.0,Spain,1.0.2,,
7565,2018-06-27,18:00:00.000,0,2,available,scheduled,2026-05-15T15:39:49.097423,2021-06-13T16:17:31.694,3,43,International,FIFA World Cup,International - FIFA World Cup,3,2018,786,Serbia,male,,203,Serbia,781,Brazil,male,E,31,Brazil,10,Group Stage,4130,Otkritie Bank Arena,188,Russia,741.0,Alireza Faghani,14.0,Australia,Mladen Krstajić,Adenor Leonardo Bacchi,640,Mladen Krstajić,,1974-03-04,203,Serbia,547.0,Adenor Leonardo Bacchi,Tite,1961-05-25,31.0,Brazil,1.0.2,,
7551,2018-06-23,18:00:00.000,2,1,available,scheduled,2026-05-15T15:40:18.867219,2021-06-13T16:17:31.694,2,43,International,FIFA World Cup,International - FIFA World Cup,3,2018,770,Germany,male,,85,Germany,790,Sweden,male,,220,Sweden,10,Group Stage,249,Olimpiyskiy Stadion Fisht,188,Russia,367.0,Szymon Marciniak,182.0,Poland,Joachim Löw,Jan Olof Andersson,602,Joachim Löw,,1960-02-03,85,Germany,549.0,Jan Olof Andersson,,1962-09-29,220.0,Sweden,1.0.2,,
7537,2018-06-18,18:00:00.000,1,2,available,scheduled,2026-05-15T15:37:59.092817,2021-06-13T16:17:31.694,1,43,International,FIFA World Cup,International - FIFA World Cup,3,2018,777,Tunisia,male,,232,Tunisia,768,England,male,,68,England,10,Group Stage,4257,Volgograd Arena,188,Russia,175.0,Wilmar Alexander Roldán Pérez,49.0,Colombia,Nabil Maâloul,Gareth Southgate,557,Nabil Maâloul,,1962-07-25,232,Tunisia,277.0,Gareth Southgate,,1970-09-03,68.0,England,1.0.2,,
7580,2018-06-30,14:00:00.000,4,3,available,scheduled,2026-05-15T15:39:23.000744,2021-06-13T16:17:31.694,4,43,International,FIFA World Cup,International - FIFA World Cup,3,2018,771,France,male,,78,France,779,Argentina,male,,11,Argentina,33,Round of 16,4258,Ak Bars Arena,188,Russia,741.0,Alireza Faghani,14.0,Australia,Didier Deschamps,Jorge Luis Sampaoli Moya,545,Didier Deschamps,,1968-10-15,78,France,637.0,Jorge Luis Sampaoli Moya,Jorge Sampaoli,1960-03-13,11.0,Argentina,1.0.2,,
7581,2018-07-01,18:00:00.000,1,1,available,scheduled,2026-05-15T15:40:37.131942,2021-06-13T16:17:31.694,4,43,International,FIFA World Cup,International - FIFA World Cup,3,2018,785,Croatia,male,,56,Croatia,776,Denmark,male,,61,Denmark,33,Round of 16,4263,Stadion Nizhny Novgorod (Nizhniy Novgorod),188,Russia,730.0,Néstor Fabián Pitana,11.0,Argentina,Zlatko Dalić,Åge Fridtjof Hareide,307,Zlatko Dalić,,1966-10-26,56,Croatia,641.0,Åge Fridtjof Hareide,Åge Hareide,1953-09-23,171.0,Norway,1.0.2,,
7549,2018-06-22,15:00:00.000,2,0,available,scheduled,2024-06-04T10:54:06.862960,2021-06-13T16:17:31.694,2,43,International,FIFA World Cup,International - FIFA World Cup,3,2018,775,Nigeria,male,,166,Nigeria,793,Iceland,male,,104,Iceland,10,Group Stage,4257,Volgograd Arena,188,Russia,739.0,Matthew Conger,163.0,New Zealand,Gernot Rohr,Heimir Hallgrímsson,636,Gernot Rohr,,1953-06-28,85,Germany,648.0,Heimir Hallgrímsson,,1967-06-10,104.0,Iceland,1.0.2,,
7529,2018-06-16,19:00:00.000,2,0,available,scheduled,2026-05-15T15:31:49.325140,2021-06-13T16:17:31.694,1,43,International,FIFA World Cup,International - FIFA World Cup,3,2018,785,Croatia,male,,56,Croatia,775,Nigeria,male,,166,Nigeria,10,Group Stage,4260,Rostec Arena,188,Russia,738.0,Sandro Ricci,31.0,Brazil,Zlatko Dalić,Gernot Rohr,307,Zlatko Dalić,,1966-10-26,56,Croatia,636.0,Gernot Rohr,,1953-06-28,85.0,Germany,1.0.2,,
7562,2018-06-26,14:00:00.000,0,2,available,scheduled,2026-05-15T15:38:44.626404,2021-06-13T16:17:31.694,3,43,International,FIFA World Cup,International - FIFA World Cup,3,2018,792,Australia,male,,14,Australia,784,Peru,male,,179,Peru,10,Group Stage,249,Olimpiyskiy Stadion Fisht,188,Russia,725.0,Sergey Karasev,188.0,Russia,Lambertus van Marwijk,Ricardo Alberto Gareca Nardi,630,Lambertus van Marwijk,,1952-05-19,160,Netherlands,629.0,Ricardo Alberto Gareca Nardi,Ricardo Gareca,1958-02-10,11.0,Argentina,1.0.2,,
7571,2018-06-28,14:00:00.000,0,1,available,scheduled,2026-05-15T15:45:15.674536,2021-06-13T16:17:31.694,3,43,International,FIFA World Cup,International - FIFA World Cup,3,2018,787,Senegal,male,,202,Senegal,769,Colombia,male,,49,Colombia,10,Group Stage,118023,Solidarnost Arena,188,Russia,727.0,Milorad Mažić,203.0,Serbia,Aliou Cissé,José Néstor Pekerman,635,Aliou Cissé,,1976-03-24,202,Senegal,634.0,José Néstor Pekerman,José Pékerman,1949-09-03,11.0,Argentina,1.0.2,,
7568,2018-06-27,18:00:00.000,2,2,available,scheduled,2026-05-15T15:41:35.877377,2021-06-13T16:17:31.694,3,43,International,FIFA World Cup,International - FIFA World Cup,3,2018,773,Switzerland,male,,221,Switzerland,795,Costa Rica,male,,54,Costa Rica,10,Group Stage,4263,Stadion Nizhny Novgorod (Nizhniy Novgorod),188,Russia,76.0,Clément Turpin,78.0,France,Vladimir Petković,Óscar Antonio Ramírez Hernández,492,Vladimir Petković,,1963-08-15,28,Bosnia and Herzegovina,646.0,Óscar Antonio Ramírez Hernández,Óscar Ramírez,1964-12-08,54.0,Costa Rica,1.0.2,,
7530,2018-06-16,10:00:00.000,2,1,available,scheduled,2026-05-15T15:33:59.845925,2021-06-13T16:17:31.694,1,43,International,FIFA World Cup,International - FIFA World Cup,3,2018,771,France,male,,78,France,792,Australia,male,,14,Australia,10,Group Stage,4258,Ak Bars Arena,188,Russia,734.0,Andrés Cunha,242.0,Uruguay,Didier Deschamps,Lambertus van Marwijk,545,Didier Deschamps,,1968-10-15,78,France,630.0,Lambertus van Marwijk,,1952-05-19,160.0,Netherlands,1.0.2,,
7558,2018-06-25,14:00:00.000,3,0,available,scheduled,2026-05-15T15:44:32.297185,2021-06-13T16:17:31.694,3,43,International,FIFA World Cup,International - FIFA World Cup,3,2018,783,Uruguay,male,A,242,Uruguay,796,Russia,male,,188,Russia,10,Group Stage,118023,Solidarnost Arena,188,Russia,732.0,Malang Diedhiou,202.0,Senegal,Óscar Washington Tabárez Silva,Stanislav Cherchesov,476,Óscar Washington Tabárez Silva,Óscar Tabárez,1947-03-03,242,Uruguay,365.0,Stanislav Cherchesov,,1963-09-02,188.0,Russia,1.0.2,,
7583,2018-07-02,14:00:00.000,2,0,available,scheduled,2026-05-15T09:51:51.585703,2021-06-13T16:17:31.694,4,43,International,FIFA World Cup,International - FIFA World Cup,3,2018,781,Brazil,male,,31,Brazil,794,Mexico,male,,147,Mexico,33,Round of 16,118023,Solidarnost Arena,188,Russia,268.0,Gianluca Rocchi,112.0,Italy,Adenor Leonardo Bacchi,Juan Carlos Osorio Arbeláez,547,Adenor Leonardo Bacchi,Tite,1961-05-25,31,Brazil,632.0,Juan Carlos Osorio Arbeláez,Juan Carlos Osorio,1961-06-08,49.0,Colombia,1.0.2,,
7547,2018-06-21,12:00:00.000,1,1,available,scheduled,2026-05-15T15:35:26.306517,2021-06-13T16:17:31.694,2,43,International,FIFA World Cup,International - FIFA World Cup,3,2018,776,Denmark,male,,61,Denmark,792,Australia,male,,14,Australia,10,Group Stage,118023,Solidarnost Arena,188,Russia,180.0,Antonio Miguel Mateu Lahoz,214.0,Spain,Åge Fridtjof Hareide,Lambertus van Marwijk,641,Åge Fridtjof Hareide,Åge Hareide,1953-09-23,171,Norway,630.0,Lambertus van Marwijk,,1952-05-19,160.0,Netherlands,1.0.2,,
7535,2018-06-17,12:00:00.000,0,1,available,scheduled,2026-05-15T09:47:17.364975,2021-06-13T16:17:31.694,1,43,International,FIFA World Cup,International - FIFA World Cup,3,2018,795,Costa Rica,male,,54,Costa Rica,786,Serbia,male,,203,Serbia,10,Group Stage,118023,Solidarnost Arena,188,Russia,732.0,Malang Diedhiou,202.0,Senegal,Óscar Antonio Ramírez Hernández,Mladen Krstajić,646,Óscar Antonio Ramírez Hernández,Óscar Ramírez,1964-12-08,54,Costa Rica,640.0,Mladen Krstajić,,1974-03-04,203.0,Serbia,1.0.2,,
8649,2018-07-06,14:00:00.000,0,2,available,scheduled,2026-05-15T15:45:29.598530,2021-06-13T16:17:31.694,5,43,International,FIFA World Cup,International - FIFA World Cup,3,2018,783,Uruguay,male,,242,Uruguay,771,France,male,,78,France,11,Quarter-finals,4263,Stadion Nizhny Novgorod (Nizhniy Novgorod),188,Russia,730.0,Néstor Fabián Pitana,11.0,Argentina,Óscar Washington Tabárez Silva,Didier Deschamps,476,Óscar Washington Tabárez Silva,Óscar Tabárez,1947-03-03,242,Uruguay,545.0,Didier Deschamps,,1968-10-15,78.0,France,1.0.2,,
8658,2018-07-15,17:00:00.000,4,2,available,scheduled,2024-02-12T12:31:56.821876,2021-06-13T16:17:31.694,7,43,International,FIFA World Cup,International - FIFA World Cup,3,2018,771,France,male,,78,France,785,Croatia,male,,56,Croatia,26,Final,255,Stadion Luzhniki,188,Russia,730.0,Néstor Fabián Pitana,11.0,Argentina,Didier Deschamps,Zlatko Dalić,545,Didier Deschamps,,1968-10-15,78,France,307.0,Zlatko Dalić,,1966-10-26,56.0,Croatia,1.0.2,,
7582,2018-07-01,14:00:00.000,1,1,available,scheduled,2026-05-15T15:41:51.234457,2021-06-13T16:17:31.694,4,43,International,FIFA World Cup,International - FIFA World Cup,3,2018,772,Spain,male,,214,Spain,796,Russia,male,,188,Russia,33,Round of 16,255,Stadion Luzhniki,188,Russia,287.0,Björn Kuipers,160.0,Netherlands,Fernando Ruiz Hierro,Stanislav Cherchesov,643,Fernando Ruiz Hierro,Fernando Hierro,1968-03-23,214,Spain,365.0,Stanislav Cherchesov,,1963-09-02,188.0,Russia,1.0.2,,
7552,2018-06-23,12:00:00.000,5,2,available,scheduled,2026-05-15T15:39:24.026282,2021-06-13T16:17:31.694,2,43,International,FIFA World Cup,International - FIFA World Cup,3,2018,782,Belgium,male,,22,Belgium,777,Tunisia,male,,232,Tunisia,10,Group Stage,4130,Otkritie Bank Arena,188,Russia,428.0,Jair Marrufo,241.0,United States of America,Roberto Martínez Montoliú,Nabil Maâloul,263,Roberto Martínez Montoliú,Roberto Martínez,1973-07-13,214,Spain,557.0,Nabil Maâloul,,1962-07-25,232.0,Tunisia,1.0.2,,
7532,2018-06-16,16:00:00.000,0,1,available,scheduled,2024-06-04T10:49:59.264411,2021-06-13T16:17:31.694,1,43,International,FIFA World Cup,International - FIFA World Cup,3,2018,784,Peru,male,,179,Peru,776,Denmark,male,,61,Denmark,10,Group Stage,4259,Mordovia Arena,188,Russia,736.0,Bakary Papa Gassama,83.0,Gambia,Ricardo Alberto Gareca Nardi,Åge Fridtjof Hareide,629,Ricardo Alberto Gareca Nardi,Ricardo Gareca,1958-02-10,11,Argentina,641.0,Åge Fridtjof Hareide,Åge Hareide,1953-09-23,171.0,Norway,1.0.2,,
7560,2018-06-25,18:00:00.000,2,2,available,scheduled,2026-05-15T15:41:33.274970,2021-06-13T16:17:31.694,3,43,International,FIFA World Cup,International - FIFA World Cup,3,2018,772,Spain,male,,214,Spain,788,Morocco,male,,154,Morocco,10,Group Stage,4260,Rostec Arena,188,Russia,735.0,Ravshan Irmatov,244.0,Uzbekistan,Fernando Ruiz Hierro,Hervé Renard,643,Fernando Ruiz Hierro,Fernando Hierro,1968-03-23,214,Spain,642.0,Hervé Renard,,1968-09-30,78.0,France,1.0.2,,
7533,2018-06-17,18:00:00.000,1,1,available,scheduled,2026-05-15T09:48:30.424202,2021-06-13T16:17:31.694,1,43,International,FIFA World Cup,International - FIFA World Cup,3,2018,781,Brazil,male,E,31,Brazil,773,Switzerland,male,,221,Switzerland,10,Group Stage,256,Rostov Arena,188,Russia,740.0,César Arturo Ramos Palazuelos,147.0,Mexico,Adenor Leonardo Bacchi,Vladimir Petković,547,Adenor Leonardo Bacchi,Tite,1961-05-25,31,Brazil,492.0,Vladimir Petković,,1963-08-15,28.0,Bosnia and Herzegovina,1.0.2,,
7564,2018-06-26,18:00:00.000,1,2,available,scheduled,2026-05-15T15:46:26.549220,2021-06-13T16:17:31.694,3,43,International,FIFA World Cup,International - FIFA World Cup,3,2018,775,Nigeria,male,,166,Nigeria,779,Argentina,male,,11,Argentina,10,Group Stage,4726,Saint-Petersburg Stadium ( Gazprom Arena ),188,Russia,581.0,Cüneyt Çakιr,233.0,Turkey,Gernot Rohr,Jorge Luis Sampaoli Moya,636,Gernot Rohr,,1953-06-28,85,Germany,637.0,Jorge Luis Sampaoli Moya,Jorge Sampaoli,1960-03-13,11.0,Argentina,1.0.2,,
7579,2018-06-30,18:00:00.000,2,1,available,scheduled,2026-05-15T15:47:14.682551,2021-06-13T16:17:31.694,4,43,International,FIFA World Cup,International - FIFA World Cup,3,2018,783,Uruguay,male,,242,Uruguay,780,Portugal,male,,183,Portugal,33,Round of 16,249,Olimpiyskiy Stadion Fisht,188,Russia,740.0,César Arturo Ramos Palazuelos,147.0,Mexico,Óscar Washington Tabárez Silva,Fernando Manuel Fernandes da Costa Santos,476,Óscar Washington Tabárez Silva,Óscar Tabárez,1947-03-03,242,Uruguay,607.0,Fernando Manuel Fernandes da Costa Santos,Fernando Santos,1954-10-10,183.0,Portugal,1.0.2,,
7577,2018-06-15,15:00:00.000,0,1,available,scheduled,2026-05-15T15:37:37.344535,2021-06-13T16:17:31.694,1,43,International,FIFA World Cup,International - FIFA World Cup,3,2018,788,Morocco,male,,154,Morocco,797,Iran,male,,107,"Iran, Islamic Republic of",10,Group Stage,4726,Saint-Petersburg Stadium ( Gazprom Arena ),188,Russia,581.0,Cüneyt Çakιr,233.0,Turkey,Hervé Renard,Carlos Manuel Brito Leal Queiróz,642,Hervé Renard,,1968-09-30,78,France,645.0,Carlos Manuel Brito Leal Queiróz,Carlos Queiroz,1953-03-01,183.0,Portugal,1.0.2,,
7525,2018-06-14,15:00:00.000,5,0,available,scheduled,2026-05-15T15:35:41.309230,2021-06-13T16:17:31.694,1,43,International,FIFA World Cup,International - FIFA World Cup,3,2018,796,Russia,male,,188,Russia,799,Saudi Arabia,male,,200,Saudi Arabia,10,Group Stage,255,Stadion Luzhniki,188,Russia,730.0,Néstor Fabián Pitana,11.0,Argentina,Stanislav Cherchesov,Juan Antonio Pizzi Torroja,365,Stanislav Cherchesov,,1963-09-02,188,Russia,638.0,Juan Antonio Pizzi Torroja,Pizzi,1968-06-07,214.0,Spain,1.0.2,,
7566,2018-06-27,14:00:00.000,0,3,available,scheduled,2026-05-15T15:40:38.273729,2021-06-13T16:17:31.694,3,43,International,FIFA World Cup,International - FIFA World Cup,3,2018,794,Mexico,male,,147,Mexico,790,Sweden,male,,220,Sweden,10,Group Stage,4261,Ekaterinburg Arena,188,Russia,730.0,Néstor Fabián Pitana,11.0,Argentina,Juan Carlos Osorio Arbeláez,Jan Olof Andersson,632,Juan Carlos Osorio Arbeláez,Juan Carlos Osorio,1961-06-08,49,Colombia,549.0,Jan Olof Andersson,,1962-09-29,220.0,Sweden,1.0.2,,
8651,2018-07-07,14:00:00.000,0,2,available,scheduled,2026-05-15T15:47:23.067546,2021-06-13T16:17:31.694,5,43,International,FIFA World Cup,International - FIFA World Cup,3,2018,790,Sweden,male,,220,Sweden,768,England,male,,68,England,11,Quarter-finals,118023,Solidarnost Arena,188,Russia,287.0,Björn Kuipers,160.0,Netherlands,Jan Olof Andersson,Gareth Southgate,549,Jan Olof Andersson,,1962-09-29,220,Sweden,277.0,Gareth Southgate,,1970-09-03,68.0,England,1.0.2,,
7567,2018-06-27,14:00:00.000,2,0,available,scheduled,2026-05-15T15:42:32.516129,2021-06-13T16:17:31.694,3,43,International,FIFA World Cup,International - FIFA World Cup,3,2018,791,South Korea,male,F,121,Korea (South),770,Germany,male,,85,Germany,10,Group Stage,4258,Ak Bars Arena,188,Russia,435.0,Mark Geiger,241.0,United States of America,Tae-Yong Shin,Joachim Löw,631,Tae-Yong Shin,Shin Tae-Yong,1970-10-11,121,Korea (South),602.0,Joachim Löw,,1960-02-03,85.0,Germany,1.0.2,,
7541,2018-06-19,12:00:00.000,1,2,available,scheduled,2026-05-15T09:49:38.050522,2021-06-13T16:17:31.694,1,43,International,FIFA World Cup,International - FIFA World Cup,3,2018,769,Colombia,male,,49,Colombia,778,Japan,male,,114,Japan,10,Group Stage,4259,Mordovia Arena,188,Russia,420.0,Damir Skomina,208.0,Slovenia,José Néstor Pekerman,Akira Nishino,634,José Néstor Pekerman,José Pékerman,1949-09-03,11,Argentina,644.0,Akira Nishino,,1955-04-07,114.0,Japan,1.0.2,,
8655,2018-07-10,18:00:00.000,1,0,available,scheduled,2026-05-15T15:48:12.789440,2021-06-13T16:17:31.694,6,43,International,FIFA World Cup,International - FIFA World Cup,3,2018,771,France,male,,78,France,782,Belgium,male,,22,Belgium,15,Semi-finals,4726,Saint-Petersburg Stadium ( Gazprom Arena ),188,Russia,734.0,Andrés Cunha,242.0,Uruguay,Didier Deschamps,Roberto Martínez Montoliú,545,Didier Deschamps,,1968-10-15,78,France,263.0,Roberto Martínez Montoliú,Roberto Martínez,1973-07-13,214.0,Spain,1.0.2,,
8657,2018-07-14,16:00:00.000,2,0,available,scheduled,2024-02-12T12:31:05.940910,2021-06-13T16:17:31.694,7,43,International,FIFA World Cup,International - FIFA World Cup,3,2018,782,Belgium,male,,22,Belgium,768,England,male,,68,England,25,3rd Place Final,4726,Saint-Petersburg Stadium ( Gazprom Arena ),188,Russia,741.0,Alireza Faghani,14.0,Australia,Roberto Martínez Montoliú,Gareth Southgate,263,Roberto Martínez Montoliú,Roberto Martínez,1973-07-13,214,Spain,277.0,Gareth Southgate,,1970-09-03,68.0,England,1.0.2,,
8652,2018-07-07,18:00:00.000,2,2,available,scheduled,2026-05-15T15:46:34.001155,2021-06-13T16:17:31.694,5,43,International,FIFA World Cup,International - FIFA World Cup,3,2018,796,Russia,male,,188,Russia,785,Croatia,male,,56,Croatia,11,Quarter-finals,249,Olimpiyskiy Stadion Fisht,188,Russia,738.0,Sandro Ricci,31.0,Brazil,Stanislav Cherchesov,Zlatko Dalić,365,Stanislav Cherchesov,,1963-09-02,188,Russia,307.0,Zlatko Dalić,,1966-10-26,56.0,Croatia,1.0.2,,
7563,2018-06-26,14:00:00.000,0,0,available,scheduled,2026-05-15T15:45:28.385823,2021-06-13T16:17:31.694,3,43,International,FIFA World Cup,International - FIFA World Cup,3,2018,776,Denmark,male,,61,Denmark,771,France,male,,78,France,10,Group Stage,255,Stadion Luzhniki,188,Russia,738.0,Sandro Ricci,31.0,Brazil,Åge Fridtjof Hareide,Didier Deschamps,641,Åge Fridtjof Hareide,Åge Hareide,1953-09-23,171,Norway,545.0,Didier Deschamps,,1968-10-15,78.0,France,1.0.2,,
7556,2018-06-24,15:00:00.000,2,2,available,scheduled,2026-05-15T15:38:27.689229,2021-06-13T16:17:31.694,2,43,International,FIFA World Cup,International - FIFA World Cup,3,2018,778,Japan,male,,114,Japan,787,Senegal,male,,202,Senegal,10,Group Stage,4261,Ekaterinburg Arena,188,Russia,268.0,Gianluca Rocchi,112.0,Italy,Akira Nishino,Aliou Cissé,644,Akira Nishino,,1955-04-07,114,Japan,635.0,Aliou Cissé,,1976-03-24,202.0,Senegal,1.0.2,,
7559,2018-06-25,14:00:00.000,2,1,available,scheduled,2026-05-15T15:43:34.032772,2021-06-13T16:17:31.694,3,43,International,FIFA World Cup,International - FIFA World Cup,3,2018,799,Saudi Arabia,male,,200,Saudi Arabia,774,Egypt,male,,66,Egypt,10,Group Stage,4257,Volgograd Arena,188,Russia,175.0,Wilmar Alexander Roldán Pérez,49.0,Colombia,Juan Antonio Pizzi Torroja,Héctor Raúl Cúper,638,Juan Antonio Pizzi Torroja,Pizzi,1968-06-07,214,Spain,486.0,Héctor Raúl Cúper,Héctor Cúper,1955-11-16,11.0,Argentina,1.0.2,,
3793185,1990-06-24,17:00:00.000,0,1,available,unscheduled,2023-06-28T10:58:20.137929,,1,43,International,FIFA World Cup,International - FIFA World Cup,55,1990,781,Brazil,male,,31,Brazil,779,Argentina,male,,11,Argentina,33,Round of 16,98351,Stadio delle Alpi,112,Italy,1897.0,Joël Quiniou,78.0,France,Sebastião Barroso Lazaroni,Carlos Salvador Bilardo,4747,Sebastião Barroso Lazaroni,Sebastião Lazaroni,1950-09-25,31,Brazil,4166.0,Carlos Salvador Bilardo,Carlos Bilardo,1938-03-16,11.0,Argentina,1.1.0,2,2
3889148,1986-06-25,21:00:00.000,2,0,available,unscheduled,2026-05-04T01:29:33.769082,,2,43,International,FIFA World Cup,International - FIFA World Cup,54,1986,779,Argentina,male,,11,Argentina,782,Belgium,male,,22,Belgium,15,Semi-finals,4820,Estadio Azteca,147,Mexico,1009020.0,Antonio Márquez Ramírez,147.0,Mexico,Carlos Salvador Bilardo,Guy Thys,4166,Carlos Salvador Bilardo,Carlos Bilardo,1938-03-16,11,Argentina,1003262.0,Guy Thys,,1922-12-06,22.0,Belgium,1.1.0,2,2
3889149,1986-06-29,17:00:00.000,3,2,available,unscheduled,2026-05-04T01:30:23.212111,,3,43,International,FIFA World Cup,International - FIFA World Cup,54,1986,779,Argentina,male,,11,Argentina,770,Germany,male,,85,Germany,15,Semi-finals,4820,Estadio Azteca,147,Mexico,,,,,Carlos Salvador Bilardo,Franz Beckenbauer,4166,Carlos Salvador Bilardo,Carlos Bilardo,1938-03-16,11,Argentina,4724.0,Franz Beckenbauer,,1945-09-11,85.0,Germany,1.1.0,2,2
3750191,1986-06-22,19:00:00.000,2,1,available,scheduled,2023-06-28T10:54:22.856220,2021-06-13T16:17:31.694,1,43,International,FIFA World Cup,International - FIFA World Cup,54,1986,779,Argentina,male,,11,Argentina,768,England,male,,68,England,11,Quarter-finals,4820,Estadio Azteca,147,Mexico,1900.0,Ali Bin Nasser,232.0,Tunisia,Carlos Salvador Bilardo,Bobby Robson,4166,Carlos Salvador Bilardo,Carlos Bilardo,1938-03-16,11,Argentina,3404.0,Bobby Robson,,1933-02-18,68.0,England,1.1.0,2,2
3888718,1974-06-30,15:00:00.000,0,2,available,unscheduled,2026-05-04T01:27:30.815702,,5,43,International,FIFA World Cup,International - FIFA World Cup,51,1974,2721,German DR,male,,255,International,941,Netherlands,male,,160,Netherlands,99,1st Group Stage,115972,Parkstadion Obenende,85,Germany,1009041.0,Rudolf Scheurer,221.0,Switzerland,Georg Buschner,Rinus Michels,4623,Georg Buschner,,1925-12-26,85,Germany,1003270.0,Rinus Michels,,1928-02-09,160.0,Netherlands,1.1.0,2,2
3888720,1974-07-07,18:00:00.000,1,2,available,unscheduled,2024-02-13T02:52:29.582599,,7,43,International,FIFA World Cup,International - FIFA World Cup,51,1974,941,Netherlands,male,,160,Netherlands,770,Germany,male,,85,Germany,26,Final,4228,Olympiastadion München ,85,Germany,1009028.0,Jack Taylor,68.0,England,Rinus Michels,Helmut Schön,1003270,Rinus Michels,,1928-02-09,160,Netherlands,4624.0,Helmut Schön,,1915-09-15,85.0,Germany,1.1.0,2,2
3888719,1974-07-03,18:30:00.000,2,0,available,unscheduled,2026-05-04T01:28:25.136220,,6,43,International,FIFA World Cup,International - FIFA World Cup,51,1974,941,Netherlands,male,,160,Netherlands,781,Brazil,male,,31,Brazil,99,1st Group Stage,373,Signal-Iduna-Park,85,Germany,1009045.0,Kurt Tschenscher,85.0,Germany,Rinus Michels,Mário Jorge Lobo Zagallo,1003270,Rinus Michels,,1928-02-09,160,Netherlands,3609.0,Mário Jorge Lobo Zagallo,Mário Zagallo,1931-08-09,31.0,Brazil,1.1.0,2,2
3888717,1974-06-26,18:30:00.000,4,0,available,unscheduled,2026-05-04T01:26:34.087950,,4,43,International,FIFA World Cup,International - FIFA World Cup,51,1974,941,Netherlands,male,,160,Netherlands,779,Argentina,male,,11,Argentina,99,1st Group Stage,115972,Parkstadion Obenende,85,Germany,1009047.0,Bobby Davidson,201.0,Scotland,Rinus Michels,Vladislao Wenceslao Cap,1003270,Rinus Michels,,1928-02-09,160,Netherlands,1003284.0,Vladislao Wenceslao Cap,,2023-07-05,11.0,Argentina,1.1.0,2,2
3888716,1974-06-19,21:30:00.000,0,0,available,unscheduled,2023-06-09T14:56:42.864610,,2,43,International,FIFA World Cup,International - FIFA World Cup,51,1974,941,Netherlands,male,,160,Netherlands,790,Sweden,male,,220,Sweden,99,1st Group Stage,373,Signal-Iduna-Park,85,Germany,1009044.0,Werner Winsemann,40.0,Canada,Rinus Michels,,1003270,Rinus Michels,,1928-02-09,160,Netherlands,,,,,,,1.1.0,2,2
3750180,1974-06-22,16:30:00.000,1,0,available,scheduled,2026-05-15T02:20:43.439689,2021-06-13T16:17:31.694,3,43,International,FIFA World Cup,International - FIFA World Cup,51,1974,2721,German DR,male,,255,International,770,Germany,male,,85,Germany,99,1st Group Stage,379,Volksparkstadion,85,Germany,1892.0,Ramón Ivanoes Barreto Ruiz,242.0,Uruguay,Georg Buschner,Helmut Schön,4623,Georg Buschner,,1925-12-26,85,Germany,4624.0,Helmut Schön,,1915-09-15,85.0,Germany,1.1.0,2,2
3888700,1970-06-07,18:00:00.000,1,0,available,unscheduled,2026-05-04T02:06:17.616017,,2,43,International,FIFA World Cup,International - FIFA World Cup,272,1970,781,Brazil,male,,31,Brazil,768,England,male,,68,England,10,Group Stage,4828,Estadio Jalisco,147,Mexico,1009033.0,Abraham Klein,111.0,Israel,Mário Jorge Lobo Zagallo,Alfred Ernest Ramsey,3609,Mário Jorge Lobo Zagallo,Mário Zagallo,1931-08-09,31,Brazil,1003282.0,Alfred Ernest Ramsey,Alf Ramsey,1920-01-22,68.0,England,1.1.0,2,2
3889218,1970-06-14,17:00:00.000,4,2,available,unscheduled,2026-05-04T02:08:18.693804,,4,43,International,FIFA World Cup,International - FIFA World Cup,272,1970,781,Brazil,male,,31,Brazil,784,Peru,male,,179,Peru,11,Quarter-finals,4828,Estadio Jalisco,147,Mexico,1009078.0,Vital Georges Gilbert Loraux,22.0,Belgium,Mário Jorge Lobo Zagallo,Waldyr Pereira,3609,Mário Jorge Lobo Zagallo,Mário Zagallo,1931-08-09,31,Brazil,1003310.0,Waldyr Pereira,Didi,2023-10-08,31.0,Brazil,1.1.0,2,2
3889217,1970-06-09,22:00:00.000,3,2,available,unscheduled,2026-05-04T02:07:16.343033,,3,43,International,FIFA World Cup,International - FIFA World Cup,272,1970,781,Brazil,male,,31,Brazil,905,Romania,male,,187,Romania,10,Group Stage,4828,Estadio Jalisco,147,Mexico,1009039.0,Ferdinand Marschall,15.0,Austria,Mário Jorge Lobo Zagallo,Angelo Niculescu,3609,Mário Jorge Lobo Zagallo,Mário Zagallo,1931-08-09,31,Brazil,1003309.0,Angelo Niculescu,,1921-10-01,187.0,Romania,1.1.0,2,2
3888702,1970-06-21,21:00:00.000,4,1,available,unscheduled,2024-02-13T14:23:06.735299,,6,43,International,FIFA World Cup,International - FIFA World Cup,272,1970,781,Brazil,male,,31,Brazil,914,Italy,male,,112,Italy,26,Final,4820,Estadio Azteca,147,Mexico,1009040.0,Rudi Glöckner,85.0,Germany,Mário Jorge Lobo Zagallo,Ferruccio Valcareggi,3609,Mário Jorge Lobo Zagallo,Mário Zagallo,1931-08-09,31,Brazil,1003280.0,Ferruccio Valcareggi,,2023-02-12,112.0,Italy,1.1.0,2,2
3888701,1970-06-17,22:00:00.000,3,1,available,unscheduled,2026-05-04T02:09:10.916859,,5,43,International,FIFA World Cup,International - FIFA World Cup,272,1970,781,Brazil,male,,31,Brazil,783,Uruguay,male,,242,Uruguay,15,Semi-finals,4828,Estadio Jalisco,147,Mexico,1009037.0,José Maria Ortíz De Mendibil,214.0,Spain,Mário Jorge Lobo Zagallo,Juan Eduardo Hohberg,3609,Mário Jorge Lobo Zagallo,Mário Zagallo,1931-08-09,31,Brazil,1003279.0,Juan Eduardo Hohberg,,1927-10-08,242.0,Uruguay,1.1.0,2,2
3888699,1970-06-03,22:00:00.000,4,1,available,unscheduled,2026-05-04T02:05:17.104763,,1,43,International,FIFA World Cup,International - FIFA World Cup,272,1970,781,Brazil,male,,31,Brazil,17469,Czechoslovakia,male,,60,Czech Republic,10,Group Stage,4828,Estadio Jalisco,147,Mexico,1892.0,Ramón Ivanoes Barreto Ruiz,242.0,Uruguay,Mário Jorge Lobo Zagallo,Jozef Marko,3609,Mário Jorge Lobo Zagallo,Mário Zagallo,1931-08-09,31,Brazil,1003276.0,Jozef Marko,,1923-05-25,60.0,Czech Republic,1.1.0,2,2
3888854,1962-05-30,18:00:00.000,2,0,available,unscheduled,2026-05-04T02:05:35.653887,,1,43,International,FIFA World Cup,International - FIFA World Cup,270,1962,781,Brazil,male,,31,Brazil,794,Mexico,male,,147,Mexico,10,Group Stage,83666,Estadio Sausalito ,45,Chile,,,,,Aymoré Moreira,Ignacio Trelles,1003266,Aymoré Moreira,,2023-04-26,31,Brazil,1003268.0,Ignacio Trelles,,2023-07-31,147.0,Mexico,1.1.0,2,2
3888705,1958-06-29,17:00:00.000,5,2,available,unscheduled,2024-02-13T14:22:08.222297,,7,43,International,FIFA World Cup,International - FIFA World Cup,269,1958,781,Brazil,male,,31,Brazil,790,Sweden,male,,220,Sweden,26,Final,4233,Friends Arena,220,Sweden,1009025.0,Maurice Guigue,78.0,France,Vicente Ítalo Feola,George Raynor,1003265,Vicente Ítalo Feola,Vicente Feola,2023-11-01,31,Brazil,1003269.0,George Raynor,,1907-01-13,68.0,England,1.1.0,2,2
3888704,1958-06-24,18:00:00.000,5,2,available,unscheduled,2026-05-04T02:02:41.853159,,6,43,International,FIFA World Cup,International - FIFA World Cup,269,1958,781,Brazil,male,,31,Brazil,771,France,male,,78,France,15,Semi-finals,4233,Friends Arena,220,Sweden,1009022.0,Mervyn Griffiths,249.0,Wales,Vicente Ítalo Feola,Albert Batteux,1003265,Vicente Ítalo Feola,Vicente Feola,2023-11-01,31,Brazil,1003267.0,Albert Batteux,,2023-07-02,78.0,France,1.1.0,2,2
